{
    "root_group": {
        "groups": {},
        "checks": {
                "로그인 2xx/4xx": {
                    "name": "로그인 2xx/4xx",
                    "path": "::로그인 2xx/4xx",
                    "id": "6b9d4d596194aaa04fff5fc073a1dde2",
                    "passes": 4122,
                    "fails": 0
                },
                "응답시간 < 3s": {
                    "name": "응답시간 < 3s",
                    "path": "::응답시간 < 3s",
                    "id": "082ef4bd6949c25a6de40a1d8df1baa5",
                    "passes": 2482,
                    "fails": 1640
                },
                "추천 조회 응답": {
                    "name": "추천 조회 응답",
                    "path": "::추천 조회 응답",
                    "id": "c40a2ebde2842637c7ea6533f520e28b",
                    "passes": 4122,
                    "fails": 0
                }
            },
        "name": "",
        "path": "",
        "id": "d41d8cd98f00b204e9800998ecf8427e"
    },
    "metrics": {
        "http_req_duration{expected_response:true}": {
            "avg": 1993.166849197273,
            "min": 7.9093,
            "med": 1321.7112,
            "max": 9982.4071,
            "p(90)": 4588.649220000004,
            "p(95)": 6282.290255
        },
        "http_req_blocked": {
            "p(90)": 0,
            "p(95)": 0,
            "avg": 0.601422998544396,
            "min": 0,
            "med": 0,
            "max": 221.9973
        },
        "iterations": {
            "rate": 17.024932076282727,
            "count": 4122
        },
        "login_duration": {
            "max": 10001,
            "p(90)": 5738.600000000002,
            "p(95)": 6856,
            "avg": 2532.7886948083456,
            "min": 84,
            "med": 2005.5
        },
        "http_req_waiting": {
            "max": 10000.4391,
            "p(90)": 4672.71421,
            "p(95)": 6300.678235,
            "avg": 2003.5769550218326,
            "min": 7.7373,
            "med": 1323.1114499999999
        },
        "errors": {
            "passes": 1640,
            "fails": 2482,
            "thresholds": {
                "rate<0.1": true
            },
            "value": 0.3978651140223193
        },
        "iteration_duration": {
            "avg": 7005.6218756914195,
            "min": 2111.3148,
            "med": 6386.85715,
            "max": 19491.0891,
            "p(90)": 12122.15173,
            "p(95)": 13170.707375
        },
        "http_reqs": {
            "count": 8244,
            "rate": 34.049864152565455
        },
        "data_sent": {
            "count": 2103257,
            "rate": 8686.998438613824
        },
        "http_req_connecting": {
            "med": 0,
            "max": 25.5699,
            "p(90)": 0,
            "p(95)": 0,
            "avg": 0.26050969189713735,
            "min": 0
        },
        "checks": {
            "passes": 10726,
            "fails": 1640,
            "value": 0.8673782953258936
        },
        "recommend_duration": {
            "p(90)": 3428.8,
            "p(95)": 5796.699999999999,
            "avg": 1475.7205240174671,
            "min": 8,
            "med": 470.5,
            "max": 10044
        },
        "http_req_tls_handshaking": {
            "med": 0,
            "max": 46.3847,
            "p(90)": 0,
            "p(95)": 0,
            "avg": 0.31674952692867564,
            "min": 0
        },
        "http_req_sending": {
            "med": 0,
            "max": 1.0005,
            "p(90)": 0,
            "p(95)": 0,
            "avg": 0.0005385856380397866,
            "min": 0
        },
        "http_req_receiving": {
            "max": 1.0705,
            "p(90)": 0.11069999999999981,
            "p(95)": 0.5000849999999999,
            "avg": 0.06527402959728283,
            "min": 0,
            "med": 0
        },
        "http_req_failed": {
            "passes": 22,
            "fails": 8222,
            "value": 0.002668607472100922
        },
        "vus": {
            "value": 1,
            "min": 1,
            "max": 200
        },
        "vus_max": {
            "value": 200,
            "min": 200,
            "max": 200
        },
        "data_received": {
            "count": 6018577,
            "rate": 24858.288360232284
        },
        "http_req_duration": {
            "p(90)": 4672.71421,
            "p(95)": 6300.678235,
            "avg": 2003.6427676370677,
            "min": 7.9093,
            "med": 1323.16125,
            "max": 10000.4391,
            "thresholds": {
                "p(95)<3000": true
            }
        }
    }
}