{
    "metrics": {
        "http_reqs": {
            "count": 8518,
            "rate": 35.02890286673251
        },
        "http_req_failed": {
            "passes": 2,
            "fails": 8516,
            "value": 0.00023479690068091102
        },
        "login_duration": {
            "avg": 2077.497299835642,
            "min": 82,
            "med": 1942,
            "max": 10044,
            "p(90)": 3868,
            "p(95)": 4287
        },
        "recommend_duration": {
            "max": 9516,
            "p(90)": 3458.2000000000003,
            "p(95)": 4255,
            "avg": 1699.4519840338107,
            "min": 6,
            "med": 1479
        },
        "http_req_sending": {
            "min": 0,
            "med": 0,
            "max": 32.9982,
            "p(90)": 0,
            "p(95)": 0,
            "avg": 0.008246184550363937
        },
        "iterations": {
            "count": 4259,
            "rate": 17.514451433366254
        },
        "http_req_blocked": {
            "avg": 0.6933504108945763,
            "min": 0,
            "med": 0,
            "max": 1021.6632,
            "p(90)": 0,
            "p(95)": 0
        },
        "checks": {
            "passes": 11272,
            "fails": 1505,
            "value": 0.882210221491743
        },
        "http_req_connecting": {
            "avg": 0.38111496830241837,
            "min": 0,
            "med": 0,
            "max": 1009.8931,
            "p(90)": 0,
            "p(95)": 0
        },
        "data_sent": {
            "count": 2142827,
            "rate": 8812.030857385751
        },
        "vus": {
            "value": 1,
            "min": 1,
            "max": 200
        },
        "iteration_duration": {
            "avg": 6783.629378069971,
            "min": 2107.9185,
            "med": 6462.8485,
            "max": 19674.1153,
            "p(90)": 10438.1363,
            "p(95)": 12039.56147
        },
        "errors": {
            "fails": 2754,
            "passes": 1505,
            "thresholds": {
                "rate<0.1": true
            },
            "value": 0.35336933552477107
        },
        "http_req_duration{expected_response:true}": {
            "avg": 1887.0240759041826,
            "min": 6.3323,
            "med": 1677.8626,
            "max": 9854.2738,
            "p(90)": 3739.23125,
            "p(95)": 4272.7675
        },
        "http_req_tls_handshaking": {
            "avg": 0.2870716365343977,
            "min": 0,
            "med": 0,
            "max": 51.552,
            "p(90)": 0,
            "p(95)": 0
        },
        "http_req_receiving": {
            "avg": 0.07226641230335763,
            "min": 0,
            "med": 0,
            "max": 17.005,
            "p(90)": 0.19486000000000003,
            "p(95)": 0.5728249999999995
        },
        "data_received": {
            "count": 6163825,
            "rate": 25347.737404618165
        },
        "http_req_duration": {
            "min": 6.3323,
            "med": 1677.8626,
            "max": 10000.4446,
            "p(90)": 3739.7006100000003,
            "p(95)": 4277.683975,
            "avg": 1887.7563434491685,
            "thresholds": {
                "p(95)<3000": true
            }
        },
        "http_req_waiting": {
            "p(90)": 3739.7006100000003,
            "p(95)": 4277.683975,
            "avg": 1887.6758308523174,
            "min": 6.3323,
            "med": 1677.83645,
            "max": 10000.4446
        },
        "vus_max": {
            "max": 200,
            "value": 200,
            "min": 200
        }
    },
    "root_group": {
        "name": "",
        "path": "",
        "id": "d41d8cd98f00b204e9800998ecf8427e",
        "groups": {},
        "checks": {
                "로그인 2xx/4xx": {
                    "name": "로그인 2xx/4xx",
                    "path": "::로그인 2xx/4xx",
                    "id": "6b9d4d596194aaa04fff5fc073a1dde2",
                    "passes": 4259,
                    "fails": 0
                },
                "응답시간 < 3s": {
                    "name": "응답시간 < 3s",
                    "path": "::응답시간 < 3s",
                    "id": "082ef4bd6949c25a6de40a1d8df1baa5",
                    "passes": 2754,
                    "fails": 1505
                },
                "추천 조회 응답": {
                    "fails": 0,
                    "name": "추천 조회 응답",
                    "path": "::추천 조회 응답",
                    "id": "c40a2ebde2842637c7ea6533f520e28b",
                    "passes": 4259
                }
            }
    }
}